Workbook

Sheet 表紙
B2: テーブル定義書
M26: 作成日 | N26: 45352
M27: 作成者 | N27: 藤井
M28: バージョン | N28: =INDEX(改版履歴!D2:D31,COUNTA(改版履歴!D2:D31)) -> 24.0.1

Sheet 改版履歴
A1: 改版履歴
A2: 日付 | B2: 内容 | C2: 案件名 | D2: バージョン | E2: 更新者
A3: 45352 | B3: 初版作成 | C3: ACT上下関係確認システム（仮） | D3: 24.0.1 | E3: 藤井

Sheet ACT社員名簿TBL
A1: システム名 | E1: 物理名 | G1: 論理名 | I1: 作成日 | J1: 更新日 | K1: 作成者
A2: ACT上下関係確認システム（仮） | E2: act_employee_list | G2: ACT社員名簿 | I2: =表紙!N26 -> 45352 | K2: =表紙!N27 -> 藤井
A3: 用途 | B3: ACT社員の基本情報が確認できるテーブル
A5: No | B5: PK | C5: FK | D5: カラム名 | E5: 項目名 | F5: データ型 | G5: バイト数 | H5: 文字数制限 | I5: NOT NULL | J5: 列制約 | K5: 備考
A6: =ROW()-5 -> 1 | B6: ● | D6: employee_id | E6: 社員ID | F6: VARCHAR | G6: 16 | H6: 8 | I6: ●
A7: =ROW()-5 -> 2 | D7: employee_name | E7: 社員氏名 | F7: VARCHAR | G7: 40 | H7: 20 | I7: ●
A8: =ROW()-5 -> 3 | D8: employee_kana | E8: 社員氏名＿カナ | F8: VARCHAR | G8: 100 | H8: 50 | I8: ●
A9: =ROW()-5 -> 4 | D9: employee_start_date | E9: 入社年月日 | F9: DATE | G9: 7 | H9: 8 | I9: ●
A10: =ROW()-5 -> 5 | D10: employee_age | E10: 年齢 | F10: VARCHAR | G10: 6 | H10: 3
A11: =ROW()-5 -> 6 | C11: ● | D11: employee_team_id | E11: 所属チームID | F11: VARCHAR | G11: 100 | H11: 50
A12: =ROW()-5 -> 7 | D12: employee_position | E12: 役職 | F12: VARCHAR | G12: 2 | H12: 2 | K12: コード値一覧参照
A13: =ROW()-5 -> 8 | D13: employee_gender | E13: 性別 | F13: VARCHAR | G13: 1 | H13: 1 | K13: コード値一覧参照
A14: =ROW()-5 -> 9 | D14: employee_notes | E14: 備考 | F14: VARCHAR | G14: 6000 | H14: 2000
A15: =ROW()-5 -> 10 | D15: delete_flag | E15: 論理フラグ | F15: INT | G15: 1 | H15: 1 | I15: ● | K15: 在籍:0 退職:1
A16: =ROW()-5 -> 11 | D16: update_day | E16: 更新日 | F16: DATETIME | G16: 8 | I16: ● | K16: 管理用
A17: =ROW()-5 -> 12 | D17: create_day | E17: 作成日 | F17: DATETIME | G17: 8 | I17: ● | K17: 管理用
A18: =ROW()-5 -> 13
A19: =ROW()-5 -> 14
A20: =ROW()-5 -> 15
A21: =ROW()-5 -> 16
A22: =ROW()-5 -> 17
A23: =ROW()-5 -> 18

Sheet ACT分科会チームTBL
A1: システム名 | E1: 物理名 | G1: 論理名 | I1: 作成日 | J1: 更新日 | K1: 作成者
A2: ACT上下関係確認システム（仮） | E2: act_team_list | G2: ACT分科会チームテーブル | I2: =表紙!N26 -> 45352 | K2: =表紙!N27 -> 藤井
A3: 用途 | B3: ACT分科会チームのマスターテーブル
A5: No | B5: PK | C5: FK | D5: カラム名 | E5: 項目名 | F5: データ型 | G5: バイト数 | H5: 文字数制限 | I5: NOT NULL | J5: 列制約 | K5: 備考
A6: =ROW()-5 -> 1 | B6: ● | C6: ● | D6: employee_team_id | E6: 所属チームID | F6: VARCHAR | G6: 3 | I6: ● | K6: コード値一覧参照
A7: =ROW()-5 -> 2 | D7: employee_team_name | E7: 所属チーム名 | F7: VARCHAR | G7: 100 | I7: ● | K7: コード値一覧参照
A8: =ROW()-5 -> 3 | D8: delete_flag | E8: 論理フラグ | F8: INT | G8: 1 | I8: ● | K8: 活動中:0 解散:1
A9: =ROW()-5 -> 4 | D9: update_day | E9: 更新日 | F9: DATETIME | G9: 8 | I9: ● | K9: 管理用
A10: =ROW()-5 -> 5
A11: =ROW()-5 -> 6
A12: =ROW()-5 -> 7
A13: =ROW()-5 -> 8
A14: =ROW()-5 -> 9
A15: =ROW()-5 -> 10
